1;Voce gosta de resolver problemas de logica?;Raciocinio;CC;SIM
2;Voce se interessa por planejar sistemas grandes?;Projetos;ES;SIM
3;Voce prefere aprender criando aplicacoes praticas?;Aprendizagem;ADS;SIM
4;Voce prefere atividades com pouca programacao?;Interesse;CC;NAO
5;Voce gosta de entender como os computadores funcionam por dentro?;Interesse;CC;SIM
6;Voce tem interesse em estudar matematica e algoritmos?;Raciocinio;CC;SIM
7;Voce se interessa por pesquisa e teoria da computacao?;Interesse;CC;SIM
8;Voce gosta de organizar as etapas de um projeto de software em equipe?;Projetos;ES;SIM
9;Voce se preocupa em testar e garantir a qualidade de um programa?;Qualidade;ES;SIM
10;Voce prefere documentar e planejar antes de comecar a programar?;Projetos;ES;SIM
11;Voce gosta de ver rapidamente o resultado do que voce desenvolve?;Aprendizagem;ADS;SIM
12;Voce tem interesse em criar sites e aplicativos para empresas?;Interesse;ADS;SIM
13;Voce prefere um curso mais curto e voltado para o mercado de trabalho?;Aprendizagem;ADS;SIM
